[
{
    "fields": {
      "date_joined": "2020-01-01T00:00:00-09:00",
      "email": "alice@localhost.localdomain",
      "first_name": "Alice",
      "is_active": true,
      "is_staff": true,
      "is_superuser": true,
      "last_login": "2020-01-01T00:00:00-09:00",
      "last_name": "Manager",
      "password": "pbkdf2_sha256$10000$z0MBiWn0Rlem$iZdC6uHomlE07qGK/TqfcfxNzKJtFp03c0JILF1frRc=",
      "username": "alice"}, "model": "auth.User", "pk": 1
},
{
    "fields": {
      "date_joined": "2022-01-01T00:00:00+00:00",
      "email": "donny@localhost.localdomain",
      "first_name": "Donny",
      "last_name": "Cooper",
      "is_active": true,
      "is_staff": false,
      "is_superuser": false,
      "last_login": "2022-01-01T00:00:00+00:00",
      "password": "pbkdf2_sha256$600000$RbRWfhoqwcQxMMlPXtC999$sqc/L+VuCXbya5v9VCNbalsGMJEVjv39X+0aVcBZ3sI=",
      "username": "donny"}, "model": "auth.User", "pk": 2
},
{
    "fields": {
      "date_joined": "2020-01-01T00:00:00-09:00",
      "email": "xia@localhost.localdomain",
      "first_name": "Xia",
      "is_active": true,
      "is_staff": false,
      "is_superuser": false,
      "last_login": "2020-01-01T00:00:00-09:00",
      "last_name": "Lee",
      "password": "pbkdf2_sha256$10000$z0MBiWn0Rlem$iZdC6uHomlE07qGK/TqfcfxNzKJtFp03c0JILF1frRc=",
      "username": "xia"}, "model": "auth.User", "pk": 5
},
{
    "fields": {
      "date_joined": "2020-01-01T00:00:00-09:00",
      "email": "steve@localhost.localdomain",
      "first_name": "Steve",
      "last_name": "MFA",
      "password": "pbkdf2_sha256$10000$z0MBiWn0Rlem$iZdC6uHomlE07qGK/TqfcfxNzKJtFp03c0JILF1frRc=",
      "is_active": true,
      "is_staff": false,
      "is_superuser": false,
      "last_login": "2020-01-01T00:00:00-09:00",
      "username": "steve"}, "model": "auth.User", "pk": 3
},
{
    "fields": {
      "created_at": "2020-01-01T00:00:00-09:00",
      "user": 3,
      "email": "steve@localhost.localdomain",
      "slug": "steve"},"model": "signup.Contact", "pk": 3
},
{
    "fields": {
      "user": 3,
      "priv_key": "abc123"
    },
    "model": "signup.OTPGenerator", "pk": 3
},
{
    "fields": {
      "created_at": "2020-01-01T00:00:00-09:00",
      "email": "donny@localhost.localdomain",
      "email_code": 654321,
      "phone": "+14155551111",
      "phone_code": 654322,
      "slug": "donny"}, "model": "signup.Contact", "pk": 4
},
{
    "fields": {
      "date_joined": "2020-01-01T00:00:00-09:00",
      "email": "needactive@localhost.localdomain",
      "first_name": "Stephanie",
      "is_active": true,
      "is_staff": false,
      "is_superuser": false,
      "last_name": "NeedActive",
      "password": "!",
      "username": "needactive"}, "model": "auth.User", "pk": 4
},
{
    "fields": {
      "user": 4,
      "created_at": "2020-01-10T00:00:00-00:00",
      "email": "needactive@localhost.localdomain",
      "email_verification_key": "16793aa72a4c7ae94b50b20c2eca52df5b0fe2c6",
      "slug": "needactive"}, "model": "signup.Contact", "pk": 5
},
{
    "fields": {
      "date_joined": "2020-01-01T00:00:00-09:00",
      "email": "xia+login@localhost.localdomain",
      "first_name": "Xia",
      "is_active": true,
      "is_staff": false,
      "is_superuser": false,
      "last_login": "2020-01-01T00:00:00-09:00",
      "last_name": "Login with e-mail",
      "password": "pbkdf2_sha256$10000$z0MBiWn0Rlem$iZdC6uHomlE07qGK/TqfcfxNzKJtFp03c0JILF1frRc=",
      "username": "xia6"}, "model": "auth.User", "pk": 6
},
{
    "fields": {
      "created_at": "2020-01-10T00:00:00-00:00",
      "user": 6,
      "phone": "+14155555556",
      "email": "xia+login@localhost.localdomain",
      "slug": "xia6"}, "model": "signup.Contact", "pk": 6
},
{
    "fields": {
      "domain": "example.com",
      "created_at": "2022-01-10T00:00:00-00:00",
      "provider": "azuread-oauth2"
    },
    "model": "signup.DelegateAuth", "pk": 1
},
{
    "fields": {
      "date_joined": "2022-01-01T00:00:00-09:00",
      "email": "xia+7@example.com",
      "first_name": "Xia",
      "is_active": true,
      "is_staff": false,
      "is_superuser": false,
      "last_login": "2022-01-01T00:00:00-09:00",
      "last_name": "Login with SSO provider",
      "password": "!iZdC6uHomlE07qGK/TqfcfxNzKJtFp03c0JILF1frRc=",
      "username": "xia7"}, "model": "auth.User", "pk": 7
},
{
    "fields": {
      "created_at": "2022-01-10T00:00:00-00:00",
      "user": 7,
      "phone": "+14155555557",
      "email": "xia+7@example.com",
      "slug": "xia7"}, "model": "signup.Contact", "pk": 7
},
{
    "fields": {
      "date_joined": "2022-01-01T00:00:00-09:00",
      "email": "xia+8@example.com",
      "first_name": "Xia",
      "is_active": true,
      "is_staff": false,
      "is_superuser": false,
      "last_login": "2022-01-01T00:00:00-09:00",
      "last_name": "Activate with SSO provider",
      "password": "!iZdC6uHomlE07qGK/TqfcfxNzKJtFp03c0JILF1frRc=",
      "username": "xia8"}, "model": "auth.User", "pk": 8
},
{
    "fields": {
      "created_at": "2022-01-10T00:00:00-00:00",
      "user": 8,
      "email_verification_key": "16793aa72a4c7ae94b50b20c2eca52df5b0fe2c8",
      "slug": "xia8"}, "model": "signup.Contact", "pk": 8
},
{
    "fields": {
      "date_joined": "2020-01-01T00:00:00-09:00",
      "email": "xia+2@localhost.localdomain",
      "first_name": "Xia",
      "is_active": true,
      "is_staff": false,
      "is_superuser": false,
      "last_login": "2020-01-01T00:00:00-09:00",
      "last_name": "SignUpCard2",
      "password": "pbkdf2_sha256$10000$z0MBiWn0Rlem$iZdC6uHomlE07qGK/TqfcfxNzKJtFp03c0JILF1frRc=",
      "username": "xia2"}, "model": "auth.User", "pk": 9
},
{
    "fields": {
      "created_at": "2023-01-10T00:00:00-00:00",
      "email": "contact-no-user@locahost.localdomain",
      "phone": "+14155555555",
      "slug": "contact-no-user"}, "model": "signup.Contact", "pk": 9
},
{
    "fields": {
      "created_at": "2023-01-10T00:00:00-00:00",
      "email": "contact.bot.activate.card15@locahost.localdomain",
      "email_verification_key": "16793aa72a4c7ae94b50b20c2eca52df5b0fe277",
      "slug": "contact-bot-email"}, "model": "signup.Contact", "pk": 10
},
{
    "fields": {
      "created_at": "2023-01-10T00:00:00-00:00",
      "email": "contact.bot.activate.api15@locahost.localdomain",
      "email_verification_key": "16793aa72a4c7ae94b50b20c2eca52df5b0fe278",
      "slug": "contact-bot-activate15"}, "model": "signup.Contact", "pk": 11
},
{
    "fields": {
      "date_joined": "2022-01-01T00:00:00+00:00",
      "email": "xia+12@localhost.localdomain",
      "first_name": "Xia12",
      "is_active": true,
      "is_staff": false,
      "is_superuser": false,
      "last_login": "2022-01-01T00:00:00+00:00",
      "last_name": "ResetPasswordEmailScanner",
      "password": "pbkdf2_sha256$10000$z0MBiWn0Rlem$iZdC6uHomlE07qGK/TqfcfxNzKJtFp03c0JILF1frRc=",
      "username": "reset-passwd-email-scanner"}, "model": "auth.User", "pk": 12
},
{
    "fields": {
      "created_at": "2023-01-10T00:00:00-00:00",
      "email": "xia+12@localhost.localdomain",
      "email_verification_key": "16793aa72a4c7ae94b50b20c2eca52df5b0fe279",
      "user": 12,
      "slug": "reset-passwd-email-scanner"}, "model": "signup.Contact", "pk": 12
},
{
    "fields": {
      "date_joined": "2022-01-01T00:00:00+00:00",
      "email": "xia+15@localhost.localdomain",
      "first_name": "Xia15",
      "is_active": true,
      "is_staff": false,
      "is_superuser": false,
      "last_login": "2022-01-01T00:00:00+00:00",
      "last_name": "SignupVisitCard2",
      "password": "pbkdf2_sha256$10000$z0MBiWn0Rlem$iZdC6uHomlE07qGK/TqfcfxNzKJtFp03c0JILF1frRc=",
      "username": "xia15"}, "model": "auth.User", "pk": 15
},
{
    "fields": {
      "date_joined": "2022-01-01T00:00:00+00:00",
      "email": "xia+16@localhost.localdomain",
      "first_name": "Xia16",
      "is_active": true,
      "is_staff": false,
      "is_superuser": false,
      "last_login": "2022-01-01T00:00:00+00:00",
      "last_name": "SignupProfileAPI2",
      "password": "pbkdf2_sha256$10000$z0MBiWn0Rlem$iZdC6uHomlE07qGK/TqfcfxNzKJtFp03c0JILF1frRc=",
      "username": "xia16"}, "model": "auth.User", "pk": 16
},
{
    "fields": {
      "created_at": "2024-01-01T00:00:00-00:00",
      "email": "xia+17@localhost.localdomain",
      "email_verification_key": "6eb8ecd4ee3e93271e84f6439b1c07e9a7883259",
      "slug": "reset-passwd-email-no-user"}, "model": "signup.Contact", "pk": 13
},
{
    "fields": {
      "created_at": "2024-01-01T00:00:00-00:00",
      "email": "xia+14@localhost.localdomain",
      "email_verification_key": "2bfd21255cc906781afca502ec2e4f8074244f80",
      "email_code": 21945,
      "slug": "activate-no-data"}, "model": "signup.Contact", "pk": 14
},
{
    "fields": {
      "date_joined": "2022-01-01T00:00:00+00:00",
      "email": "xia+18@localhost.localdomain",
      "first_name": "Xia18",
      "last_name": "User",
      "is_active": true,
      "is_staff": false,
      "is_superuser": false,
      "password": "!cpgaCPDc5qgLhcN7Duge9Nn1Vo6v6VTi67ujPgIc",
      "username": "xia18"}, "model": "auth.User", "pk": 18
},

{
    "fields": {
      "created_at": "2025-01-10T00:00:00-00:00",
      "email": "xia+19@localhost.localdomain",
      "email_code": "1234",
      "slug": "xia19"}, "model": "signup.Contact", "pk": 19
},

{
    "fields": {
      "date_joined": "2025-01-01T00:00:00+00:00",
      "last_login": "2025-01-01T00:00:00+00:00",
      "email": "xia+20@localhost.localdomain",
      "first_name": "",
      "last_name": "",
      "is_active": true,
      "is_staff": false,
      "is_superuser": false,
      "password": "!",
      "username": "xia20"}, "model": "auth.User", "pk": 20
},
{
    "fields": {
      "created_at": "2025-01-01T00:00:00-00:00",
      "email": "xia+20@localhost.localdomain",
      "email_verification_at": "2025-01-01T00:00:00+00:00",
      "email_verified_at": "2025-01-01T00:00:00+00:00",
      "user": 20,
      "slug": "xia20"}, "model": "signup.Contact", "pk": 20
},


{
    "fields": {
      "date_joined": "2024-01-01T00:00:00-09:00",
      "email": "xia+179@localhost.localdomain",
      "first_name": "Xia",
      "last_name": "MFA",
      "is_active": true,
      "is_staff": false,
      "is_superuser": false,
      "last_login": "2024-01-01T00:00:00-09:00",
      "password": "pbkdf2_sha256$10000$z0MBiWn0Rlem$iZdC6uHomlE07qGK/TqfcfxNzKJtFp03c0JILF1frRc=",
      "username": "xia179"}, "model": "auth.User", "pk": 179
},
{
    "fields": {
      "user": 179,
      "priv_key": "abc123"
    },
    "model": "signup.OTPGenerator", "pk": 179
},

{
    "fields": {
      "date_joined": "2025-01-01T00:00:00+00:00",
      "last_login": "2025-01-01T00:00:00+00:00",
      "email": "xia+21@localhost.localdomain",
      "first_name": "",
      "last_name": "",
      "is_active": true,
      "is_staff": false,
      "is_superuser": false,
      "password": "pbkdf2_sha256$10000$z0MBiWn0Rlem$iZdC6uHomlE07qGK/TqfcfxNzKJtFp03c0JILF1frRc=",
      "username": "xia21"}, "model": "auth.User", "pk": 21
},
{
    "fields": {
      "created_at": "2025-01-01T00:00:00-00:00",
      "email": "xia+21@localhost.localdomain",
      "email_verification_at": "2025-01-01T00:00:00+00:00",
      "email_verified_at": "2025-01-01T00:00:00+00:00",
      "phone": "+14155554444",
      "user": 21,
      "slug": "xia21"}, "model": "signup.Contact", "pk": 21
},

{
    "fields": {
      "created_at": "2025-01-10T00:00:00-00:00",
      "email": "xia+21b@localhost.localdomain",
      "email_code": "1234",
      "slug": "xia21b"}, "model": "signup.Contact", "pk": 22
},

{
    "fields": {
      "created_at": "2025-01-01T00:00:00-00:00",
      "full_name": "Xia CardTwentyTwo",
      "email": "xia+195@localhost.localdomain",
      "email_verification_at": "2025-01-01T00:00:00+00:00",
      "email_verification_key": "2bfd21255cc906781afca502ec2e4f8074244f81",
      "slug": "xia195"}, "model": "signup.Contact", "pk": 195
},

{
    "fields": {
      "created_at": "2025-01-01T00:00:00-00:00",
      "full_name": "Xia CardTwentyThree",
      "email": "xia+196@localhost.localdomain",
      "email_verification_at": "2025-01-01T00:00:00+00:00",
      "email_verification_key": "2bfd21255cc906781afca502ec2e4f8074244f82",
      "user": 196,
      "slug": "xia196"}, "model": "signup.Contact", "pk": 196
},
{
    "fields": {
      "date_joined": "2025-01-01T00:00:00+00:00",
      "last_login": "2025-01-01T00:00:00+00:00",
      "email": "xia+196@localhost.localdomain",
      "first_name": "",
      "last_name": "",
      "is_active": true,
      "is_staff": false,
      "is_superuser": false,
      "password": "!",
      "username": "xia196"}, "model": "auth.User", "pk": 196
},

{
    "fields": {
      "created_at": "2025-01-01T00:00:00-00:00",
      "email": "xia+197@localhost.localdomain",
      "email_verification_at": "2025-01-01T00:00:00+00:00",
      "email_verification_key": "2bfd21255cc906781afca502ec2e4f8074244f83",
      "user": 197,
      "slug": "xia197"}, "model": "signup.Contact", "pk": 197
},
{
    "fields": {
      "date_joined": "2025-01-01T00:00:00+00:00",
      "last_login": "2025-01-01T00:00:00+00:00",
      "email": "xia+197@localhost.localdomain",
      "first_name": "",
      "last_name": "",
      "is_active": true,
      "is_staff": false,
      "is_superuser": false,
      "password": "pbkdf2_sha256$10000$z0MBiWn0Rlem$iZdC6uHomlE07qGK/TqfcfxNzKJtFp03c0JILF1frRc=",
      "username": "xia197"}, "model": "auth.User", "pk": 197
},

{
    "fields": {
      "created_at": "2025-01-01T00:00:00-00:00",
      "email": "xia+198@localhost.localdomain",
      "email_verification_at": "2025-01-01T00:00:00+00:00",
      "email_verification_key": "2bfd21255cc906781afca502ec2e4f8074244f84",
      "user": 198,
      "slug": "xia198"}, "model": "signup.Contact", "pk": 198
},
{
    "fields": {
      "date_joined": "2025-01-01T00:00:00+00:00",
      "last_login": "2025-01-01T00:00:00+00:00",
      "email": "xia+198@localhost.localdomain",
      "first_name": "",
      "last_name": "",
      "is_active": true,
      "is_staff": false,
      "is_superuser": false,
      "password": "pbkdf2_sha256$10000$z0MBiWn0Rlem$iZdC6uHomlE07qGK/TqfcfxNzKJtFp03c0JILF1frRc=",
      "username": "xia198"}, "model": "auth.User", "pk": 198
},

{
    "fields": {
      "date_joined": "2025-01-01T00:00:00+00:00",
      "email": "donny+199@localhost.localdomain",
      "first_name": "Donny",
      "last_name": "OTPCodeVerification",
      "is_active": true,
      "is_staff": false,
      "is_superuser": false,
      "last_login": "2025-01-01T00:00:00+00:00",
      "password": "pbkdf2_sha256$600000$RbRWfhoqwcQxMMlPXtC999$sqc/L+VuCXbya5v9VCNbalsGMJEVjv39X+0aVcBZ3sI=",
      "username": "donny199"}, "model": "auth.User", "pk": 199
},
{
    "fields": {
      "priv_key": "3AKSBTYDCIVLHM7SHR2RGW46SRLSV5XC",
      "user": 199}, "model": "signup.OTPGenerator", "pk": 199
}]
